City_ID,City,Country,Lat,Lng,Max Temp,Humidity,Cloudiness,Wind Speed,Current Description
0,Khatanga,RU,71.9667,102.5,17.46,85,98,12.75,overcast clouds
1,Yar-Sale,RU,66.8333,70.8333,30.96,98,100,15.77,light snow
2,Tuktoyaktuk,CA,69.4541,-133.0374,-9.4,70,1,10.36,clear sky
3,Flinders,AU,-34.5833,150.8552,50.0,50,6,12.66,clear sky
4,Chapais,CA,49.7834,-74.8492,59.0,29,75,12.66,broken clouds
5,Coihaique,CL,-45.5752,-72.0662,60.8,67,75,14.97,light rain
6,Ushuaia,AR,-54.8,-68.3,50.0,53,75,19.57,broken clouds
7,Bathsheba,BB,13.2167,-59.5167,80.6,65,20,13.8,volcanic ash
8,Danilov,RU,58.1908,40.1717,36.52,96,61,2.68,broken clouds
9,Neryungri,RU,56.6709,124.6491,-11.43,98,87,3.6,overcast clouds
10,Busselton,AU,-33.65,115.3333,61.0,98,100,11.52,light rain
11,Kapaa,US,22.0752,-159.319,73.0,83,75,11.5,light rain
12,Albany,US,42.6001,-73.9662,66.99,56,100,1.99,overcast clouds
13,Rockport,US,28.0206,-97.0544,82.99,54,1,11.5,clear sky
14,Constitucion,CL,-35.3333,-72.4167,68.2,54,0,18.54,clear sky
15,Qaanaaq,GL,77.484,-69.3632,22.93,96,100,8.41,snow
16,Yellowknife,CA,62.456,-114.3525,10.0,61,90,5.75,light snow
17,Bredasdorp,ZA,-34.5322,20.0403,57.2,94,100,2.3,overcast clouds
18,Hermanus,ZA,-34.4187,19.2345,64.0,87,100,3.0,overcast clouds
19,Vila Franca Do Campo,PT,37.7167,-25.4333,62.6,94,75,5.75,broken clouds
20,Sao Miguel Do Araguaia,BR,-13.275,-50.1628,84.16,60,100,2.89,overcast clouds
21,Teya,RU,60.3778,92.6267,17.78,97,96,3.04,overcast clouds
22,Sur,OM,22.5667,59.5289,81.99,62,0,9.66,clear sky
23,Krasnoarmeysk,RU,51.0239,45.6969,48.0,81,79,6.82,broken clouds
24,Cabedelo,BR,-6.9811,-34.8339,78.8,100,40,8.05,scattered clouds
25,Port Alfred,ZA,-33.5906,26.891,66.96,91,95,3.56,overcast clouds
26,Mataura,NZ,-46.1927,168.8643,48.99,98,78,1.99,broken clouds
27,Valdosta,US,30.8327,-83.2785,73.4,73,90,4.61,overcast clouds
28,Kaitangata,NZ,-46.2817,169.8464,50.77,97,40,3.11,scattered clouds
29,New Norfolk,AU,-42.7826,147.0587,48.99,77,100,3.0,overcast clouds
30,Guerrero Negro,MX,27.9769,-114.0611,67.5,57,97,14.32,overcast clouds
31,Tautira,PF,-17.7333,-149.15,86.0,66,75,9.22,broken clouds
32,Hobart,AU,-42.8794,147.3294,48.99,81,75,13.8,light intensity drizzle
33,Rikitea,PF,-23.1203,-134.9692,78.21,75,7,10.07,light rain
34,Leningradskiy,RU,69.3833,178.4167,-12.41,91,12,5.44,few clouds
35,Shimsk,RU,58.212,30.7127,43.5,86,100,6.31,overcast clouds
36,Nikolskoye,RU,59.7035,30.7861,43.0,45,0,4.47,light rain
37,Longyearbyen,SJ,78.2186,15.6401,19.4,58,75,19.57,broken clouds
38,Punta Arenas,CL,-53.15,-70.9167,59.0,36,0,17.27,clear sky
39,Namibe,AO,-15.1961,12.1522,80.47,69,53,5.41,broken clouds
40,Torbay,CA,47.6666,-52.7314,35.01,100,90,9.22,light snow
41,Pangnirtung,CA,66.1451,-65.7125,33.8,60,75,4.38,broken clouds
42,Georgetown,MY,5.4112,100.3354,82.0,89,20,3.44,few clouds
43,Puerto Ayora,EC,-0.7393,-90.3518,82.4,74,40,9.22,scattered clouds
44,Bure,ET,10.7,37.0667,71.17,38,91,3.29,overcast clouds
45,Lianzhou,CN,24.7811,112.3825,68.31,90,10,3.38,light rain
46,Talnakh,RU,69.4865,88.3972,27.07,92,100,13.22,overcast clouds
47,Altamira,BR,-3.2033,-52.2064,82.4,78,40,9.22,scattered clouds
48,Green River,US,41.5286,-109.4662,44.6,23,1,9.22,clear sky
49,Bambous Virieux,MU,-20.3428,57.7575,79.0,89,40,6.91,scattered clouds
50,Batagay-Alyta,RU,67.8006,130.4114,-18.51,75,9,5.93,clear sky
51,Pella,RU,59.7775,30.8181,43.0,45,0,4.47,light rain
52,Mancora,PE,-4.1078,-81.0475,86.0,58,0,13.8,clear sky
53,Cape Town,ZA,-33.9258,18.4232,66.0,94,0,12.66,clear sky
54,Lodja,CD,-3.4833,23.4333,67.48,99,67,1.88,broken clouds
55,Kodiak,US,57.79,-152.4072,39.2,87,90,20.71,moderate rain
56,Padang,ID,-0.9492,100.3543,75.2,100,90,3.44,light rain
57,Provideniya,RU,64.3833,-173.3,9.79,87,100,28.39,light snow
58,Linares,CL,-35.85,-71.6,82.9,17,0,12.35,clear sky
59,Zhanaozen,KZ,43.3,52.8,60.96,42,1,23.42,clear sky
60,Vaini,TO,-21.2,-175.2,77.0,78,20,5.75,few clouds
61,Oneonta,US,42.4529,-75.0638,60.01,76,100,3.0,overcast clouds
62,Lazaro Cardenas,MX,17.9583,-102.2,83.17,56,1,12.28,clear sky
63,Egvekinot,RU,66.3167,-179.1667,-8.01,83,100,21.7,overcast clouds
64,Belle Fourche,US,44.6714,-103.8522,37.0,93,75,28.77,mist
65,Atuona,PF,-9.8,-139.0333,81.0,75,21,18.5,few clouds
66,Saint George,US,37.1041,-113.5841,82.99,10,1,8.05,clear sky
67,Nanortalik,GL,60.1432,-45.2371,37.89,59,0,5.66,clear sky
68,Sakakah,SA,29.9697,40.2064,59.0,25,0,3.44,clear sky
69,Cabo San Lucas,MX,22.8909,-109.9124,82.0,41,75,11.5,broken clouds
70,Olafsvik,IS,64.8945,-23.7142,36.3,82,99,18.54,light rain
71,Bluff,NZ,-46.6,168.3333,48.99,98,20,1.99,few clouds
72,Vila,PT,42.0304,-8.1588,46.99,75,2,8.99,clear sky
73,Baruun-Urt,MN,46.6806,113.2792,26.28,59,99,9.8,overcast clouds
74,Kruisfontein,ZA,-34.0033,24.7314,60.01,88,100,1.39,overcast clouds
75,Kudahuvadhoo,MV,2.6708,72.8944,82.96,71,31,5.88,scattered clouds
76,Iralaya,HN,15.0,-83.2333,87.8,74,40,11.5,scattered clouds
77,Binga,ZW,-17.6203,27.3414,69.12,59,0,1.66,clear sky
78,Makakilo City,US,21.3469,-158.0858,77.0,53,20,4.61,few clouds
79,Esperance,AU,-33.8667,121.9,62.6,67,90,21.85,light rain
80,Clyde River,CA,70.4692,-68.5914,32.0,69,40,14.97,scattered clouds
81,Dhidhdhoo,MV,6.8833,73.1,83.28,65,7,2.06,clear sky
82,Thompson,CA,55.7435,-97.8558,23.0,68,90,11.5,overcast clouds
83,Tanete,ID,-3.9443,119.7848,73.99,96,47,0.31,scattered clouds
84,Alice Springs,AU,-23.7,133.8833,52.0,87,51,3.44,broken clouds
85,Carnarvon,AU,-24.8667,113.6333,78.8,89,90,16.11,overcast clouds
86,Souillac,MU,-20.5167,57.5167,78.8,89,40,6.91,scattered clouds
87,Butaritari,KI,3.0707,172.7902,80.78,78,34,9.46,light rain
88,Bagdarin,RU,54.4333,113.6,6.76,67,1,4.14,clear sky
89,Pidhorodne,UA,48.5753,35.1068,53.6,32,0,15.66,clear sky
90,Mahebourg,MU,-20.4081,57.7,78.8,89,40,6.91,scattered clouds
91,Taoudenni,ML,22.6783,-3.9836,90.72,12,0,7.74,clear sky
92,Hithadhoo,MV,-0.6,73.0833,82.94,73,97,10.74,overcast clouds
93,Ribeira Grande,PT,38.5167,-28.7,62.6,94,75,10.36,broken clouds
94,Rafraf,TN,37.1904,10.1837,62.6,82,20,16.11,few clouds
95,Husavik,IS,66.0449,-17.3389,35.6,75,90,6.91,overcast clouds
96,Nuuk,GL,64.1835,-51.7216,35.6,69,20,14.97,few clouds
97,Nome,US,64.5011,-165.4064,24.8,80,90,25.32,snow
98,Port Hardy,CA,50.6996,-127.4199,44.6,49,20,12.66,few clouds
99,Moron,AR,-34.6534,-58.6198,69.01,68,94,3.0,overcast clouds
100,Tasiilaq,GL,65.6145,-37.6368,30.2,69,0,4.92,clear sky
101,Jati,PK,24.3539,68.2671,80.04,56,0,12.46,clear sky
102,Sao Joao Da Barra,BR,-21.6403,-41.0511,82.4,61,0,9.22,clear sky
103,Luba,GQ,3.4568,8.5547,82.4,89,40,14.97,scattered clouds
104,Geraldton,AU,-28.7667,114.6,75.2,88,90,20.71,overcast clouds
105,Kusu,JP,33.2831,131.1514,51.01,78,98,1.99,overcast clouds
106,Lucea,JM,18.451,-78.1736,86.0,70,20,9.22,few clouds
107,Coquimbo,CL,-29.9533,-71.3436,60.8,77,20,14.97,few clouds
108,Avarua,CK,-21.2078,-159.775,78.8,89,20,6.91,light rain
109,Middelburg,ZA,-25.7751,29.4648,64.11,38,0,3.74,clear sky
110,Tiksi,RU,71.6872,128.8694,2.1,73,100,7.74,overcast clouds
111,Shingu,JP,33.7333,135.9833,52.93,77,100,5.84,overcast clouds
112,Mar Del Plata,AR,-38.0023,-57.5575,66.2,59,20,11.5,few clouds
113,Oranjestad,AW,12.524,-70.027,84.2,70,40,24.16,scattered clouds
114,Sitka,US,57.0531,-135.33,37.4,75,90,3.4,light rain
115,Dikson,RU,73.5069,80.5464,29.89,89,100,28.23,overcast clouds
116,Gazojak,TM,41.1875,61.4036,58.51,42,0,12.26,clear sky
117,Merrill,US,45.1805,-89.6835,50.0,100,90,5.75,drizzle
118,Amherst Center,US,42.3754,-72.5192,54.0,69,100,5.01,overcast clouds
119,Bataipora,BR,-22.2953,-53.2711,95.43,20,0,4.03,clear sky
120,Petropavlovsk-Kamchatskiy,RU,53.0452,158.6483,24.8,80,55,6.71,broken clouds
121,Chuy,UY,-33.6971,-53.4616,65.08,77,89,22.19,overcast clouds
122,Nevelsk,RU,46.6733,141.8633,42.8,87,75,6.71,broken clouds
123,Iqaluit,CA,63.7506,-68.5145,28.4,93,90,20.71,overcast clouds
124,Morgan City,US,29.6994,-91.2068,82.0,41,1,4.61,clear sky
125,Norman Wells,CA,65.282,-126.8329,3.2,47,1,10.36,clear sky
126,Vanavara,RU,60.34,102.2797,24.04,98,100,1.81,overcast clouds
127,Belaya Gora,RU,68.5333,146.4167,-26.77,100,96,3.15,overcast clouds
128,Zhigansk,RU,66.7697,123.3711,-3.73,99,26,11.48,scattered clouds
129,Mount Gambier,AU,-37.8333,140.7667,51.8,82,90,4.61,overcast clouds
130,Bongor,TD,10.2806,15.3722,93.11,9,48,4.88,scattered clouds
131,Katsuura,JP,35.1333,140.3,53.6,76,20,6.91,few clouds
132,Varhaug,NO,58.6147,5.6457,39.99,68,100,2.53,overcast clouds
133,East London,ZA,-33.0153,27.9116,71.35,84,100,2.71,overcast clouds
134,Assai,BR,-23.3733,-50.8414,87.8,35,20,6.91,few clouds
135,Nhulunbuy,AU,-12.2333,136.7667,75.2,94,68,3.36,broken clouds
136,Comodoro Rivadavia,AR,-45.8667,-67.5,73.4,43,75,18.41,broken clouds
137,Berbera,SO,10.4396,45.0143,80.38,80,26,0.72,scattered clouds
138,Marsaxlokk,MT,35.8419,14.5431,59.0,88,75,18.41,broken clouds
139,Anloga,GH,5.7947,0.8973,84.2,84,40,11.5,scattered clouds
140,Severo-Kurilsk,RU,50.6789,156.125,31.42,66,100,7.4,overcast clouds
141,Kishi,NG,9.0833,3.85,88.18,38,40,6.64,scattered clouds
142,Pa Sang,TH,18.5262,98.9394,79.0,94,20,3.44,few clouds
143,Port-Gentil,GA,-0.7193,8.7815,77.0,94,20,3.44,few clouds
144,Rivadavia,AR,-33.1905,-68.4608,73.4,31,0,12.66,clear sky
145,Jimma,ET,7.6667,36.8333,63.28,86,91,4.05,light rain
146,Aklavik,CA,68.2191,-135.0107,-2.2,50,1,6.91,clear sky
147,Gisors,FR,49.2818,1.7801,39.2,70,0,8.05,clear sky
148,Kahului,US,20.8947,-156.47,77.0,65,40,5.75,scattered clouds
149,Freeport,US,40.6576,-73.5832,55.99,94,90,12.66,heavy intensity rain
150,Jamestown,US,42.097,-79.2353,64.0,55,90,5.75,overcast clouds
151,Arraial Do Cabo,BR,-22.9661,-42.0278,82.4,69,0,11.5,clear sky
152,Hofn,IS,64.2539,-15.2082,37.94,95,100,10.96,overcast clouds
153,Arlit,NE,18.7369,7.3853,89.83,6,0,10.69,clear sky
154,Port Keats,AU,-14.25,129.55,78.62,79,58,2.08,broken clouds
155,Trinidad,BO,-14.8333,-64.9,89.6,62,40,6.91,scattered clouds
156,Redlands,US,34.0556,-117.1825,75.99,33,75,3.44,haze
157,Pevek,RU,69.7008,170.3133,-20.4,100,100,4.16,overcast clouds
158,Inuvik,CA,68.3499,-133.7218,5.0,39,5,6.91,clear sky
159,Hualmay,PE,-11.0964,-77.6139,73.06,75,91,9.73,overcast clouds
160,Saint-Philippe,RE,-21.3585,55.7679,78.8,73,0,5.75,light rain
161,Evensk,RU,61.95,159.2333,-3.35,78,16,10.74,few clouds
162,Ahipara,NZ,-35.1667,173.1667,65.17,84,32,2.21,scattered clouds
163,Santiago Del Estero,AR,-27.7951,-64.2615,75.4,26,8,12.08,clear sky
164,Upernavik,GL,72.7868,-56.1549,31.46,81,100,13.82,light snow
165,Carrollton,US,32.9537,-96.8903,86.0,17,1,13.8,clear sky
166,Saldanha,ZA,-33.0117,17.9442,64.4,77,100,4.61,overcast clouds
167,La Ronge,CA,55.1001,-105.2842,33.8,55,100,8.05,overcast clouds
168,Mnogovershinnyy,RU,53.9353,139.9242,15.19,89,81,7.83,broken clouds
169,Rantepao,ID,-2.9701,119.8978,66.13,96,100,2.8,overcast clouds
170,Port Blair,IN,11.6667,92.75,81.79,77,100,4.52,light rain
171,Port Elizabeth,ZA,-33.918,25.5701,62.6,94,40,3.44,scattered clouds
172,Pangai,TO,-19.8,-174.35,78.8,78,75,2.3,light rain
173,Kavaratti,IN,10.5669,72.642,83.25,66,3,3.69,clear sky
174,Ostrovnoy,RU,68.0531,39.5131,34.11,83,100,25.88,overcast clouds
175,Victoria,HK,22.2855,114.1577,73.0,86,91,1.99,overcast clouds
176,Kizema,RU,61.113,44.8302,36.5,78,0,8.39,clear sky
177,Loukhi,RU,66.0764,33.0381,33.71,84,71,11.92,broken clouds
178,Yerbogachen,RU,61.2767,108.0108,4.37,97,73,2.75,broken clouds
179,Mehamn,NO,71.0357,27.8492,35.6,75,40,25.32,scattered clouds
180,Klaksvik,FO,62.2266,-6.589,30.2,80,77,11.83,broken clouds
181,Bengkulu,ID,-3.8004,102.2655,75.24,91,100,3.78,overcast clouds
182,Rapid Valley,US,44.0625,-103.1463,48.2,37,40,34.52,scattered clouds
183,Verkhniy Uslon,RU,55.7701,48.9823,39.2,93,90,4.47,light rain
184,Raghunathpur,IN,23.55,86.6667,82.0,33,12,7.54,few clouds
185,Dalian,CN,38.9122,121.6022,50.0,87,40,4.47,light rain
186,Avera,US,33.194,-82.5271,77.0,64,40,12.66,scattered clouds
187,Cidreira,BR,-30.1811,-50.2056,83.93,56,74,5.88,broken clouds
188,San Patricio,US,28.017,-97.5169,82.99,61,40,12.66,scattered clouds
189,Nizwa,OM,22.9333,57.5333,78.75,40,2,4.43,clear sky
190,Barrow,US,71.2906,-156.7887,-14.8,91,1,3.44,haze
191,Cap Malheureux,MU,-19.9842,57.6142,79.0,80,100,4.0,light rain
192,Alabaster,US,33.2443,-86.8164,75.0,37,1,4.61,clear sky
193,Sirsa,IN,29.5333,75.0167,80.94,11,11,1.81,few clouds
194,Verkhnyaya Inta,RU,65.9811,60.3094,33.51,78,24,20.38,few clouds
195,Lac Du Bonnet,CA,50.2536,-96.0612,48.99,99,100,7.0,overcast clouds
196,Marsa Matruh,EG,31.3525,27.2453,59.0,55,20,8.05,few clouds
197,Maxixe,MZ,-23.8597,35.3472,73.4,88,0,6.24,clear sky
198,Tanabe,JP,33.7333,135.3667,51.3,82,99,8.63,overcast clouds
199,Lata,PT,40.1629,-8.3327,57.0,77,23,1.48,few clouds
200,Praya,CV,14.9215,-23.5087,75.2,53,0,21.85,clear sky
201,Mount Isa,AU,-20.7333,139.5,64.4,32,0,11.5,clear sky
202,Port Hedland,AU,-20.3167,118.5667,78.8,89,40,4.61,scattered clouds
203,San Carlos De Bariloche,AR,-41.1456,-71.3082,66.99,59,40,24.16,scattered clouds
204,Sheksna,RU,59.21,38.5107,30.2,86,0,3.02,clear sky
205,Mecca,SA,21.4267,39.8261,73.26,45,0,7.4,clear sky
206,Aksu,CN,41.1231,80.2644,56.64,25,0,5.82,clear sky
207,Hilo,US,19.7297,-155.09,80.6,44,40,6.91,scattered clouds
208,Maine-Soroa,NE,13.2114,12.0241,87.3,7,58,8.32,broken clouds
209,Katsina,NG,12.9894,7.6006,88.18,7,2,9.48,clear sky
210,Ilulissat,GL,69.2167,-51.1,33.8,51,20,17.27,few clouds
211,Ecully,FR,45.7773,4.7748,44.6,87,90,14.97,moderate rain
212,Caravelas,BR,-17.7125,-39.2481,78.58,72,22,6.51,few clouds
213,Cherskiy,RU,68.75,161.3,-22.81,100,100,3.96,overcast clouds
214,Barcelos,PT,41.5388,-8.6151,61.0,72,0,4.61,clear sky
215,Saint-Francois,FR,46.4154,3.9054,41.0,93,90,10.36,overcast clouds
216,Shenjiamen,CN,29.9576,122.298,60.3,95,100,17.25,light rain
217,Tallahassee,US,30.4383,-84.2807,69.8,83,90,8.05,overcast clouds
218,Chaman,PK,30.9236,66.4512,71.31,15,31,7.56,scattered clouds
219,Half Moon Bay,US,37.4636,-122.4286,66.99,71,1,12.66,haze
220,Necochea,AR,-38.5473,-58.7368,66.0,78,0,7.0,clear sky
221,San Rafael,AR,-34.6177,-68.3301,72.0,20,0,11.52,clear sky
222,Los Llanos De Aridane,ES,28.6585,-17.9182,68.0,77,20,1.52,few clouds
223,Qinggang,CN,46.6833,126.0833,50.85,42,100,17.2,overcast clouds
224,Komsomolskiy,UZ,40.4272,71.7189,53.6,50,5,4.61,clear sky
225,Burnie,AU,-41.0667,145.9167,46.0,83,43,5.01,scattered clouds
226,Kununurra,AU,-15.7667,128.7333,73.4,100,90,2.95,overcast clouds
227,San Jeronimo,PE,-11.9472,-75.2829,59.2,63,80,3.69,light rain
228,Jinka,ET,5.65,36.65,65.77,71,57,2.13,broken clouds
229,Lebu,CL,-37.6167,-73.65,60.4,75,0,14.05,clear sky
230,Ponta Do Sol,PT,32.6667,-17.1,62.01,78,100,1.99,overcast clouds
231,Castro,BR,-24.7911,-50.0119,75.74,57,19,4.88,few clouds
232,Dahuk,IQ,36.8695,42.994,49.15,51,1,2.21,clear sky
233,Dillon,US,34.4166,-79.3712,80.01,50,40,18.41,scattered clouds
234,Xiangxiang,CN,27.7333,112.5333,57.0,98,100,3.83,light rain
235,Sao Filipe,CV,14.8961,-24.4956,76.55,64,0,8.19,clear sky
236,Hurghada,EG,27.2574,33.8129,66.2,26,0,10.36,clear sky
237,Abu Samrah,SY,35.3029,37.1841,45.97,73,3,5.32,clear sky
238,Yeppoon,AU,-23.1333,150.7333,64.4,48,1,5.75,clear sky
239,Malindi,KE,-3.2175,40.1191,81.27,77,76,11.1,broken clouds
240,Lethem,GY,3.3803,-59.7968,75.16,87,100,3.47,overcast clouds
241,Candido De Abreu,BR,-24.5669,-51.3333,80.73,53,65,4.23,broken clouds
242,The Valley,AI,18.217,-63.0578,80.6,57,20,10.36,few clouds
243,Abakaliki,NG,6.3163,8.1169,83.39,67,96,10.13,overcast clouds
244,La Roche-Sur-Yon,FR,46.6667,-1.4333,39.2,87,75,5.75,broken clouds
245,Kampot,KH,10.6167,104.1833,80.6,78,40,5.75,scattered clouds
246,Chokurdakh,RU,70.6333,147.9167,-16.1,99,64,9.19,broken clouds
247,Umm Bab,QA,25.2142,50.8072,80.01,57,1,6.91,clear sky
248,Sohag,EG,26.557,31.6948,66.2,27,0,14.97,clear sky
249,Mitu,CO,1.1983,-70.1733,80.58,85,99,1.25,overcast clouds
250,Campo Verde,BR,-20.4167,-54.0667,87.8,48,40,5.75,scattered clouds
251,Kamenka,RU,51.3223,42.7678,44.01,92,100,10.16,overcast clouds
252,Salym,RU,60.0625,71.4789,43.2,94,100,10.29,light rain
253,Salinopolis,BR,-0.6136,-47.3561,80.91,82,84,8.63,broken clouds
254,Sisimiut,GL,66.9395,-53.6735,33.46,73,79,11.54,broken clouds
255,Bara,NG,10.3744,10.7288,88.77,32,36,4.88,scattered clouds
256,Xiongyue,CN,40.1774,122.1228,49.57,57,100,11.45,heavy intensity rain
257,Bethel,US,41.3712,-73.414,60.01,82,90,6.91,light rain
258,Tselinnoye,RU,53.0833,85.6667,23.79,99,76,2.46,broken clouds
259,Ballina,AU,-28.8667,153.5667,57.2,54,90,6.91,overcast clouds
260,Salalah,OM,17.0151,54.0924,82.4,69,20,4.61,few clouds
261,Quebo,GW,11.3333,-14.9333,77.52,70,19,9.13,few clouds
262,Mahon,ES,39.8885,4.2658,59.0,94,75,2.3,broken clouds
263,Lucapa,AO,-8.4192,20.7447,66.38,92,33,2.59,scattered clouds
264,Gizo,SB,-8.103,156.8419,80.26,78,99,4.21,light rain
265,Hervey Bay,AU,-25.2986,152.8535,60.01,55,0,1.01,clear sky
266,Sorland,NO,67.667,12.6934,33.8,80,75,9.22,light snow
267,Ramhormoz,IR,31.28,49.6035,74.25,29,2,5.68,clear sky
268,Tilichiki,RU,60.4667,166.1,6.28,75,82,13.06,broken clouds
269,Jiexiu,CN,37.0244,111.9125,54.16,63,95,4.29,overcast clouds
270,Prince Rupert,CA,54.3161,-130.3201,41.0,70,90,4.61,overcast clouds
271,Carlisle,US,40.2015,-77.1889,73.0,63,24,1.01,few clouds
272,Monte Carmelo,BR,-18.7247,-47.4986,77.16,48,0,6.02,clear sky
273,Sinnamary,GF,5.3833,-52.95,80.44,79,52,4.85,broken clouds
274,Saint-Pierre,RE,-21.3393,55.4781,78.8,73,0,5.75,clear sky
275,Darhan,MN,49.4867,105.9228,22.89,39,0,3.2,clear sky
276,Esmeraldas,BR,-19.7625,-44.3139,80.6,39,0,2.3,clear sky
277,Grindavik,IS,63.8424,-22.4338,37.4,87,75,13.8,light rain
278,Kamyshla,RU,54.1169,52.1426,51.73,77,100,4.68,moderate rain
279,Heiligenhafen,DE,54.3667,10.9833,37.99,85,100,7.0,overcast clouds
280,Saskylakh,RU,71.9167,114.0833,14.09,95,96,6.8,overcast clouds
281,Florence,IT,43.7667,11.25,60.8,77,75,6.91,broken clouds
282,Beringovskiy,RU,63.05,179.3167,2.59,94,100,24.2,snow
283,Chake Chake,TZ,-5.2459,39.7666,78.01,86,77,7.38,light rain
284,Samarai,PG,-10.6167,150.6667,79.45,65,25,8.86,scattered clouds
285,Ancud,CL,-41.8697,-73.8203,59.0,100,75,14.97,mist
286,Fare,PF,-16.7,-151.0167,81.86,75,100,13.13,overcast clouds
287,Berlevag,NO,70.8578,29.0864,33.8,80,40,27.63,light snow
288,Largo,US,27.9095,-82.7873,66.2,100,90,13.8,light rain
289,Kainantu,PG,-6.2887,145.8655,58.96,95,89,3.53,overcast clouds
290,Lima,PE,-12.0432,-77.0282,77.0,61,0,8.05,clear sky
291,Snasa,NO,64.2457,12.3778,32.0,93,0,3.44,clear sky
292,Serebryansk,KZ,49.6925,83.2892,32.0,93,3,3.53,clear sky
293,Marsh Harbour,BS,26.5412,-77.0636,78.24,71,16,17.87,few clouds
294,Kazachinskoye,RU,57.6953,93.2761,34.52,98,100,5.44,overcast clouds
295,Havre-Saint-Pierre,CA,50.2334,-63.5986,59.0,55,90,23.02,overcast clouds
296,Vardo,NO,70.3705,31.1107,32.0,80,75,23.02,broken clouds
297,Parsabad,IR,39.6482,47.9174,51.8,93,90,4.61,overcast clouds
298,Neuquen,AR,-38.9516,-68.0591,77.0,33,0,5.75,clear sky
299,Beloha,MG,-25.1667,45.05,72.86,89,24,11.07,few clouds
300,Bilibino,RU,68.0546,166.4372,-15.18,88,22,2.71,few clouds
301,Pathein,MM,16.7833,94.7333,78.33,82,59,5.5,broken clouds
302,Coahuayana,MX,18.7333,-103.6833,84.2,48,20,9.22,few clouds
303,Ajaccio,FR,42.0,8.9167,59.0,88,90,4.61,overcast clouds
304,Witu,KE,-2.3889,40.4382,82.4,83,20,5.75,few clouds
305,Minsk,BY,53.9,27.5667,50.0,40,0,8.95,clear sky
306,Moissala,TD,8.3404,17.7663,89.74,22,100,3.53,overcast clouds
307,Faanui,PF,-16.4833,-151.75,82.42,71,100,11.07,overcast clouds
308,Antofagasta,CL,-23.65,-70.4,64.4,72,40,14.97,scattered clouds
309,Bintulu,MY,3.1667,113.0333,77.0,94,40,6.91,moderate rain
310,Tessalit,ML,20.1986,1.0114,90.72,8,4,7.56,clear sky
311,Puro,PH,12.4841,123.3827,78.82,75,64,7.61,broken clouds
312,Rawson,AR,-43.3002,-65.1023,72.41,36,0,12.68,clear sky
313,Camacha,PT,33.0833,-16.3333,66.2,88,40,10.36,scattered clouds
314,Khorinsk,RU,52.1657,109.7726,13.77,65,0,3.09,clear sky
315,Kavieng,PG,-2.5744,150.7967,77.16,87,100,3.13,moderate rain
316,Nyurba,RU,63.2842,118.3319,-8.79,99,90,2.89,overcast clouds
317,Sept-Iles,CA,50.2001,-66.3821,53.6,62,90,2.3,overcast clouds
318,Willowmore,ZA,-33.2926,23.4895,65.43,58,95,5.57,overcast clouds
319,Hami,CN,42.8,93.45,53.96,26,100,5.73,overcast clouds
320,Sayyan,YE,15.1718,44.3244,59.05,60,0,2.35,clear sky
321,Kuminskiy,RU,58.6667,66.5667,45.81,93,100,9.46,light rain
322,College,US,64.8569,-147.8028,21.99,35,75,9.22,broken clouds
323,Gainesville,US,29.6516,-82.3248,64.99,94,40,6.91,scattered clouds
324,Ola,RU,59.5833,151.2833,8.65,73,100,16.8,overcast clouds
325,Yulara,AU,-25.2406,130.9889,59.0,51,8,9.22,clear sky
326,Nantucket,US,41.2835,-70.0995,46.4,93,90,17.27,mist
327,Tual,ID,-5.6667,132.75,82.6,73,31,8.9,scattered clouds
328,Evanston,US,42.0411,-87.6901,55.4,66,90,6.91,overcast clouds
329,Khasan,RU,42.4308,130.6434,41.4,94,100,2.44,overcast clouds
330,Airai,TL,-8.9266,125.4092,58.24,88,29,2.24,scattered clouds
331,Charters Towers,AU,-20.1,146.2667,67.01,49,1,13.98,clear sky
332,Tuatapere,NZ,-46.1333,167.6833,48.99,98,79,1.99,broken clouds
333,Ilhabela,BR,-23.7781,-45.3581,78.78,67,0,5.41,clear sky
334,Mogadishu,SO,2.0371,45.3438,82.29,70,97,16.15,overcast clouds
335,Lavrentiya,RU,65.5833,-171.0,4.89,75,100,31.14,overcast clouds
336,Kamina,CD,-8.7386,24.9906,64.04,95,100,2.66,overcast clouds
337,Adrar,MR,20.5022,-10.0711,82.17,16,28,12.21,scattered clouds
338,Sharan,RU,54.8167,54.0,45.43,83,100,3.2,light rain
339,Lumphat,KH,13.4878,106.9816,76.19,73,16,6.29,few clouds
340,Harboore,DK,56.6175,8.1807,37.0,3,100,14.41,overcast clouds
341,Eydhafushi,MV,5.1033,73.0708,82.71,70,9,2.04,clear sky
342,Byron Bay,AU,-28.65,153.6167,57.2,54,90,6.91,overcast clouds
343,Cranendonck,NL,51.2775,5.5837,41.0,70,40,4.61,scattered clouds
344,Niles,US,42.0189,-87.8028,54.0,66,90,6.91,overcast clouds
345,Mariveles,PH,14.4833,120.4833,79.0,83,20,4.61,few clouds
346,Mareeba,AU,-17.0,145.4333,71.6,94,3,1.14,clear sky
347,Kulachi,PK,31.9286,70.4592,74.8,40,46,7.58,scattered clouds
348,San Luis,AR,-33.295,-66.3356,67.32,31,0,1.86,clear sky
349,Uhlove,UA,44.8215,33.6045,46.0,64,100,6.04,overcast clouds
350,Camana,PE,-16.6228,-72.7111,70.23,74,75,9.15,broken clouds
351,Fairbanks,US,64.8378,-147.7164,24.01,33,1,12.66,clear sky
352,Saint-Augustin,CA,51.226,-58.6502,43.93,88,97,20.83,overcast clouds
353,Nikolayevsk-Na-Amure,RU,53.1406,140.73,24.35,74,100,9.78,overcast clouds
354,Twin Falls,US,42.3505,-114.6445,44.6,21,1,19.57,clear sky
355,Kemijarvi,FI,66.7131,27.4306,28.15,93,76,7.16,broken clouds
356,Wajir,KE,1.7471,40.0573,81.79,62,42,11.36,light rain
357,Huilong,CN,31.8111,121.655,62.01,99,100,1.99,moderate rain
358,Uruzgan,AF,32.8333,66.0,57.25,51,16,6.89,few clouds
359,Yuzhno-Kurilsk,RU,44.0306,145.8556,36.72,81,35,7.2,scattered clouds
360,Catamarca,AR,-28.4696,-65.7852,71.01,47,2,3.0,clear sky
361,Lerwick,GB,60.1545,-1.1494,35.6,75,51,11.5,broken clouds
362,Te Anau,NZ,-45.4167,167.7167,50.79,92,75,0.78,broken clouds
363,Bismarck,US,46.8083,-100.7837,44.6,61,90,12.66,light rain
364,Brebes,ID,-6.8706,109.0369,77.97,86,99,6.53,overcast clouds
365,Puerto Escondido,MX,15.85,-97.0667,86.0,74,20,11.5,few clouds
366,Jiamusi,CN,46.8333,130.35,51.66,62,99,5.64,overcast clouds
367,Westport,US,41.1415,-73.3579,51.01,93,90,14.97,light rain
368,Najran,SA,17.4924,44.1277,82.4,17,0,4.61,clear sky
369,Nouadhibou,MR,20.931,-17.0347,68.0,73,0,18.41,clear sky
370,Port Arthur,CN,38.8,121.2667,50.0,87,40,4.47,moderate rain
371,Takaka,NZ,-40.85,172.8,62.01,87,68,5.01,broken clouds
372,Lima Duarte,BR,-21.8425,-43.7931,77.0,36,0,5.75,clear sky
373,Suntar,RU,62.1444,117.6319,-2.29,99,88,3.18,overcast clouds
374,Tocopilla,CL,-22.092,-70.1979,70.32,67,23,8.84,few clouds
375,Fortuna,US,40.5982,-124.1573,57.99,62,1,14.97,clear sky
376,Codrington,AU,-38.2667,141.9667,54.5,74,93,8.93,overcast clouds
377,Concordia,AR,-31.393,-58.0209,66.2,72,75,12.66,broken clouds
378,Dunedin,NZ,-45.8742,170.5036,57.99,82,49,1.01,scattered clouds
379,Nalgonda,IN,17.05,79.2667,79.68,60,7,6.82,clear sky
380,Touros,BR,-5.1989,-35.4608,82.4,78,40,10.36,scattered clouds
381,Gushikawa,JP,26.3544,127.8686,69.8,73,20,10.36,few clouds
382,Kailua,US,21.4022,-157.7394,75.2,68,75,6.91,broken clouds
383,Vestmanna,FO,62.1564,-7.1664,30.2,80,57,8.21,broken clouds
384,Palmer,US,42.1584,-72.3287,51.8,66,90,10.36,overcast clouds
385,Bandarbeyla,SO,9.4942,50.8122,79.07,70,8,7.34,clear sky
386,Santo Antonio Do Ica,BR,-3.1022,-67.9397,82.54,70,88,3.87,overcast clouds
387,Narsaq,GL,60.9167,-46.05,51.8,25,0,13.8,clear sky
388,Bodden Town,KY,19.2833,-81.25,86.0,70,40,12.66,scattered clouds
389,Aitape,PG,-3.1374,142.3475,77.72,87,100,3.4,moderate rain
390,Lorengau,PG,-2.0226,147.2712,78.4,89,100,12.12,heavy intensity rain
391,Pisco,PE,-13.7,-76.2167,77.0,57,0,18.41,clear sky
392,Altay,CN,47.8667,88.1167,34.61,31,0,10.56,clear sky
393,Moussoro,TD,13.6408,16.4901,84.79,7,3,12.15,clear sky
394,Itarema,BR,-2.9248,-39.9167,79.99,80,100,11.65,overcast clouds
395,Lufilufi,WS,-13.8745,-171.5986,84.2,84,20,6.91,few clouds
396,Zarand,IR,30.8127,56.564,66.9,29,100,1.52,overcast clouds
397,Tura,IN,25.5198,90.2201,75.2,52,76,5.73,broken clouds
398,Rudbar,AF,30.15,62.6,79.41,10,53,7.72,broken clouds
399,Angra Dos Reis,BR,-23.0067,-44.3181,86.0,37,0,9.22,clear sky
400,Bela Vista De Goias,BR,-16.9728,-48.9533,82.4,47,0,8.05,clear sky
401,Igarka,RU,67.4667,86.5833,26.58,92,100,19.51,overcast clouds
402,Numan,NG,9.4667,12.0333,90.45,34,80,9.93,broken clouds
403,Qandala,SO,11.472,49.8728,81.52,60,29,5.79,scattered clouds
404,Paita,PE,-5.0892,-81.1144,86.0,58,0,13.8,clear sky
405,Nelson Bay,AU,-32.7167,152.15,51.01,66,1,10.36,clear sky
406,Vancouver,CA,49.2497,-123.1193,50.0,61,20,11.5,few clouds
407,Killybegs,IE,54.6333,-8.45,42.8,81,75,10.36,broken clouds
408,Teguise,ES,29.0605,-13.564,68.0,73,20,6.91,few clouds
409,Puerto Quijarro,BO,-17.7833,-57.7667,88.77,49,77,1.86,broken clouds
410,Madang,PG,-5.2246,145.7966,75.09,92,97,2.95,overcast clouds
411,Yumen,CN,40.2833,97.2,41.22,37,34,16.44,scattered clouds
412,Garoua Boulai,CM,5.8833,14.55,67.84,83,87,3.56,overcast clouds
413,Batagay,RU,67.6333,134.6333,-16.73,99,84,2.35,broken clouds
414,Kamen-Rybolov,RU,44.7481,132.0403,42.58,87,100,14.65,overcast clouds
415,Viedma,AR,-40.8135,-62.9967,69.93,31,0,7.96,clear sky
416,Aripuana,BR,-9.1667,-60.6333,78.64,91,79,2.17,broken clouds
417,Alofi,NU,-19.0595,-169.9187,78.8,83,75,3.44,broken clouds
418,Bairiki,KI,1.3292,172.9752,82.4,78,75,4.61,broken clouds
419,Aguimes,ES,27.9054,-15.4461,68.0,77,0,14.97,clear sky
420,Carutapera,BR,-1.195,-46.02,77.85,85,99,6.31,overcast clouds
421,Hasaki,JP,35.7333,140.8333,46.4,87,20,3.44,few clouds
422,Hammerfest,NO,70.6634,23.6821,33.8,86,75,19.57,light snow
423,Alta Floresta,BR,-9.8756,-56.0861,82.4,69,20,2.3,light rain
424,Ilfracombe,GB,51.2093,-4.1134,44.01,64,3,4.0,clear sky
425,Puerto Leguizamo,CO,-0.1934,-74.7819,77.02,83,100,3.31,moderate rain
426,Biak,ID,-0.9131,122.8766,76.87,80,95,1.48,overcast clouds
427,Honiara,SB,-9.4333,159.95,77.83,86,100,3.04,overcast clouds
428,Loanda,AO,-8.8368,13.2343,82.4,83,40,10.36,scattered clouds
429,Gorontalo,ID,0.5412,123.0595,74.75,93,86,2.98,overcast clouds
430,Tikamgarh,IN,24.745,78.8333,77.94,35,4,3.2,clear sky
431,Enshi,CN,30.3,109.4833,52.59,97,97,1.19,light rain
432,Oranjemund,NA,-28.55,16.4333,62.73,76,0,3.58,clear sky
433,Ketchikan,US,55.3422,-131.6461,39.2,70,90,4.61,overcast clouds
434,Kyra,RU,49.5776,111.9753,15.51,54,0,13.96,clear sky
435,Acarau,BR,-2.8856,-40.12,81.07,79,100,12.59,overcast clouds
436,Hurricane,US,37.1753,-113.2899,82.0,10,1,8.05,clear sky
437,Am Timan,TD,11.0297,20.2827,88.34,10,42,1.05,scattered clouds
438,Sioux Lookout,CA,50.1001,-91.917,37.4,93,90,8.05,mist
439,Raudeberg,NO,61.9875,5.1352,39.0,80,7,15.43,clear sky
440,Pak Phanang,TH,8.3511,100.202,80.65,77,35,5.7,scattered clouds
441,Barranco,PA,9.5167,-82.7,84.2,79,40,5.75,scattered clouds
442,Inirida,CO,3.8653,-67.9239,85.01,73,100,0.81,overcast clouds
443,Port Augusta,AU,-32.5,137.7667,53.6,76,100,5.75,overcast clouds
444,Steinbach,DE,50.1667,8.5667,39.2,93,75,4.61,broken clouds
445,Presidencia Roque Saenz Pena,AR,-26.7852,-60.4388,64.99,79,100,1.99,overcast clouds
446,Ugoofaaru,MV,5.6667,73.0,82.76,69,22,0.49,few clouds
447,Chicama,PE,-7.8447,-79.1469,69.8,83,20,10.36,fog
448,Asfi,MA,32.2994,-9.2372,62.42,81,79,16.4,broken clouds
449,Galesong,ID,-5.3166,119.3661,71.6,100,20,2.3,few clouds
450,Halifax,CA,44.6453,-63.5724,50.0,50,26,12.66,scattered clouds
451,Honggang,CN,46.4667,124.8667,51.01,58,100,4.0,overcast clouds
452,Puerto Madryn,AR,-42.7692,-65.0385,72.28,39,0,8.43,clear sky
453,Tsaratanana,MG,-16.7833,47.65,72.37,80,100,8.03,overcast clouds
454,Taltal,CL,-25.4,-70.4833,66.72,72,25,5.28,scattered clouds
455,Vestmannaeyjar,IS,63.4427,-20.2734,40.98,88,100,17.72,overcast clouds
456,Palaikastron,GR,35.2,26.25,55.53,60,0,22.35,clear sky
457,Kadubivtsi,UA,48.5834,25.7687,52.0,35,22,8.97,few clouds
458,Ayr,GB,55.4627,-4.6339,37.4,70,40,5.75,scattered clouds
459,Guntakal,IN,15.1667,77.3833,80.51,55,0,10.16,clear sky
460,Chigasaki,JP,35.3261,139.4039,53.6,76,20,6.91,few clouds
461,Richards Bay,ZA,-28.783,32.0377,71.51,94,2,5.95,clear sky
462,Hoi An,VN,15.8794,108.335,75.2,94,20,1.14,few clouds
463,Kalemie,CD,-5.9475,29.1947,71.06,84,81,0.94,broken clouds
464,Isangel,VU,-19.55,169.2667,79.3,84,91,9.98,overcast clouds
465,Barranca,PE,-10.75,-77.7667,70.65,78,100,7.49,overcast clouds
466,Iskateley,RU,67.6803,53.1512,31.15,83,99,21.68,overcast clouds
467,Hay River,CA,60.8156,-115.7999,10.4,72,100,5.75,light snow
468,Polyarnyy,RU,69.1989,33.4478,33.8,69,0,8.95,clear sky
469,Kuala Selangor,MY,3.35,101.25,77.0,94,20,5.23,few clouds
470,Urumqi,CN,43.801,87.6005,48.2,20,0,6.71,clear sky
471,Tambura,SS,5.6,27.4667,76.06,64,98,6.24,light rain
472,Arona,ES,28.0996,-16.681,68.0,77,20,3.44,few clouds
473,Yingcheng,CN,30.95,113.55,55.4,100,90,2.24,mist
474,Vallenar,CL,-28.5708,-70.7581,79.83,30,0,7.76,clear sky
475,Okha,RU,53.5739,142.9478,22.17,83,97,14.23,overcast clouds
476,Khulo,GE,41.644,42.3129,46.4,87,90,6.91,overcast clouds
477,Lakatoro,VU,-16.0999,167.4164,79.84,77,95,2.8,overcast clouds
478,Benghazi,LY,32.1167,20.0667,62.62,46,25,11.39,scattered clouds
479,Amapa,BR,1.0,-52.0,74.89,96,99,3.49,overcast clouds
480,Rengo,CL,-34.4167,-70.8667,78.8,18,0,9.22,clear sky
481,Boundiali,CI,9.5217,-6.4869,85.32,43,98,10.42,overcast clouds
482,Ust-Tsilma,RU,65.441,52.1498,34.2,71,35,12.33,scattered clouds
483,Wangqing,CN,43.3218,129.7634,45.63,71,100,3.85,overcast clouds
484,Jardim,BR,-21.4803,-56.1381,82.0,56,100,1.74,overcast clouds
485,Kasongo-Lunda,CD,-6.4667,16.8167,70.99,96,89,0.76,overcast clouds
486,Aginskoye,RU,51.1,114.53,20.05,47,99,11.59,overcast clouds
487,Rebrikha,RU,53.0733,82.3408,30.99,95,100,5.7,overcast clouds
488,Ulaangom,MN,49.9811,92.0667,33.51,34,85,1.81,overcast clouds
489,Hamilton,US,39.1834,-84.5333,53.01,82,90,16.11,overcast clouds
490,Dondo,MZ,-19.6094,34.7431,78.8,83,20,4.83,few clouds
491,Arman,RU,59.7,150.1667,8.08,87,100,13.58,overcast clouds
492,Colares,PT,38.7992,-9.4469,57.0,76,20,13.8,few clouds
493,Lompoc,US,34.6391,-120.4579,66.0,63,86,21.85,haze
494,Merauke,ID,-8.4667,140.3333,76.62,85,24,5.35,few clouds
495,Keuruu,FI,62.2667,24.7,37.4,52,0,4.61,clear sky
496,Mizdah,LY,31.4451,12.9801,63.82,33,100,14.76,overcast clouds
497,Kalevala,RU,65.2,31.1667,33.06,84,44,11.41,scattered clouds
498,Chau Doc,VN,10.7,105.1167,79.57,82,93,4.34,overcast clouds
499,Edea,CM,3.8,10.1333,75.2,94,40,3.44,light rain
500,Mana,GF,5.6592,-53.7767,79.29,81,46,5.68,scattered clouds
501,Scarborough,GB,54.2797,-0.4044,35.01,77,73,6.89,broken clouds
502,Vila Velha,BR,-20.3297,-40.2925,80.6,69,0,6.91,clear sky
503,Vilyuysk,RU,63.7553,121.6247,-11.88,99,85,3.36,overcast clouds
504,Nagua,DO,19.3832,-69.8474,84.2,54,40,4.61,scattered clouds
505,Naze,JP,28.3667,129.4833,64.89,69,52,18.92,broken clouds
506,Olinda,BR,-8.0089,-34.8553,73.4,88,90,5.75,moderate rain
507,Bilimbay,RU,56.9689,59.8149,51.8,46,0,6.71,clear sky
508,Erenhot,CN,43.6475,111.9767,32.65,62,100,23.42,overcast clouds
509,Jalu,LY,29.0331,21.5482,62.47,20,4,10.54,clear sky
510,Bela,IN,25.9333,81.9833,80.82,11,58,6.8,broken clouds
511,Gamba,GA,-2.65,10.0,79.66,84,86,3.89,overcast clouds
512,Vao,NC,-22.6667,167.4833,75.83,78,31,6.51,scattered clouds
513,Aliquippa,US,40.6367,-80.2401,64.4,45,90,9.22,overcast clouds
514,Wanning,CN,18.8003,110.3967,73.76,84,79,1.63,broken clouds
515,Penzance,GB,50.1186,-5.5371,41.0,60,6,9.22,clear sky
516,Aswan,EG,24.0934,32.907,66.96,18,0,15.05,clear sky
517,Kedrovyy,RU,56.1667,91.8167,39.2,45,0,8.95,clear sky
518,Petropolis,RU,59.8944,30.2642,43.0,45,0,4.47,light rain
519,Kalmunai,LK,7.4167,81.8167,78.69,81,83,3.87,broken clouds
520,Villazon,BO,-22.0866,-65.5942,58.46,50,62,14.58,broken clouds
521,Sibolga,ID,1.7427,98.7792,75.94,91,100,4.05,overcast clouds
522,Macamic,CA,48.7502,-78.9996,75.2,27,75,10.36,broken clouds
523,Kaspiyskiy,RU,45.3929,47.3707,57.22,55,24,21.61,few clouds
524,Porterville,US,36.0652,-119.0168,77.0,31,1,9.22,clear sky
525,Jiaocheng,CN,24.6774,116.1389,66.36,81,0,2.39,light rain
526,Tlacotepec,MX,20.0667,-97.8667,83.79,41,74,8.08,broken clouds
527,Regina,CA,50.4501,-104.6178,34.0,93,90,25.32,light snow
528,Miranda,CO,3.2499,-76.2281,86.0,51,40,5.75,scattered clouds
529,Dengfeng,CN,34.4553,113.0281,48.92,73,94,3.6,overcast clouds
530,Pontianak,ID,-0.0333,109.3333,73.4,100,90,2.3,light rain
531,Tomigusuku,JP,26.185,127.675,69.8,68,20,8.05,few clouds
532,Ndele,CF,8.4109,20.6473,80.98,22,85,1.57,overcast clouds
533,Turukhansk,RU,65.8167,87.9833,21.45,89,100,10.33,overcast clouds
534,Rio Gallegos,AR,-51.6226,-69.2181,57.2,35,0,13.8,clear sky
535,Umm Lajj,SA,25.0213,37.2685,69.96,54,0,13.65,clear sky
536,Brunswick,US,41.2381,-81.8418,60.8,51,90,12.66,overcast clouds
537,Alferrarede,PT,39.4833,-8.1667,55.99,80,31,4.12,scattered clouds
538,Lekoni,GA,-1.5843,14.2591,75.36,82,91,6.82,light rain
539,Polunochnoye,RU,60.8697,60.4153,32.61,91,63,3.91,broken clouds
540,Tomatlan,MX,19.9333,-105.25,85.64,43,74,11.1,broken clouds
541,Korsakov,RU,46.6328,142.7813,42.8,87,75,6.71,broken clouds
542,Gurupa,BR,-1.405,-51.64,78.44,88,64,3.83,moderate rain
543,Sapouy,BF,11.5544,-1.7736,89.01,20,12,5.99,few clouds
544,San Cristobal,VE,7.7669,-72.225,87.8,58,40,13.8,scattered clouds
545,Batesville,US,35.7698,-91.641,77.0,27,1,10.36,clear sky
546,Dingle,PH,10.9995,122.6711,74.71,86,99,5.93,overcast clouds
547,Rabaul,PG,-4.1967,152.1721,78.08,84,100,5.46,light rain
548,Lyuban,BY,52.7985,28.0048,46.08,67,38,8.32,scattered clouds
549,Conde,BR,-7.2597,-34.9075,78.8,100,40,8.05,heavy intensity rain
550,Nizhniy Bestyakh,RU,61.9594,129.9086,14.0,85,75,11.18,light snow
551,Bukama,CD,-9.2,25.85,68.47,94,90,2.21,light rain
552,Fort Nelson,CA,58.8053,-122.7002,24.8,36,20,8.05,few clouds
553,Khor,RU,47.8861,134.9464,45.14,89,100,2.33,overcast clouds
554,Lagoa,PT,39.05,-27.9833,61.86,84,100,9.64,overcast clouds
555,Thinadhoo,MV,0.5333,72.9333,82.74,69,48,9.95,scattered clouds
556,Okakarara,NA,-20.5833,17.4333,63.0,37,0,7.09,clear sky
557,Manado,ID,1.487,124.8455,76.8,88,98,2.24,overcast clouds
558,Northam,GB,51.0333,-4.2167,42.01,67,5,3.0,clear sky
559,Juntas,CR,10.2809,-84.9595,89.1,54,78,7.49,broken clouds
560,Slavonice,CZ,48.9975,15.3515,51.01,67,62,6.02,broken clouds
561,Rock Sound,BS,24.9,-76.2,76.33,73,0,15.61,clear sky
562,Champerico,GT,14.3,-91.9167,93.2,59,20,9.22,few clouds
563,Chiliile,RO,45.4255,26.5936,42.62,66,3,3.22,clear sky
564,Soe,ID,-9.8607,124.284,62.96,88,86,2.84,overcast clouds
565,Anadyr,RU,64.75,177.4833,-4.0,77,100,29.08,snow
566,Marzuq,YE,14.4,46.4667,66.94,65,3,6.71,clear sky
567,Tucupita,VE,9.0622,-62.051,76.69,92,100,3.29,overcast clouds
568,Springfield,US,37.2153,-93.2982,73.0,35,1,20.71,clear sky
569,Nykoping,SE,58.753,17.0079,32.0,100,75,14.97,light snow
570,Zhanakorgan,KZ,43.9098,67.2495,49.69,70,94,8.59,overcast clouds
571,Yenotayevka,RU,47.2456,47.0281,59.29,39,57,16.96,broken clouds
572,Siuna,NI,13.7332,-84.7773,91.67,47,42,7.49,scattered clouds
573,Doka,SD,13.5167,35.7667,87.19,19,16,15.14,few clouds
574,Santa Maria,BR,-29.6842,-53.8069,73.4,88,90,12.66,mist
575,Tabuk,PH,17.4189,121.4443,68.65,88,64,2.66,broken clouds
576,Nemuro,JP,43.3236,145.575,36.77,85,3,9.31,clear sky
577,Phitsanulok,TH,16.9167,100.5,88.0,56,98,3.02,overcast clouds
578,Srednekolymsk,RU,67.45,153.6833,-16.69,99,100,2.13,overcast clouds
579,Basarabeasca,MD,46.3311,28.9728,37.4,70,0,2.3,clear sky
580,Cap-Aux-Meules,CA,47.3821,-61.8597,41.0,87,100,17.27,overcast clouds
581,Kralendijk,BQ,12.15,-68.2667,84.2,70,75,19.57,broken clouds
582,Oyek,RU,52.5861,104.4556,15.8,79,0,6.71,clear sky
583,Buje,HR,45.41,13.6619,55.99,88,75,8.05,broken clouds
584,Nizhniy Kuranakh,RU,58.8353,125.4869,10.15,94,100,7.96,light snow
585,Cayenne,GF,4.9333,-52.3333,86.0,70,0,9.22,clear sky
586,Ciudad Bolivar,VE,8.1222,-63.5497,88.41,50,100,5.21,overcast clouds
587,Callaway,US,30.153,-85.5699,75.0,78,40,9.22,scattered clouds
588,Maltahohe,NA,-24.8333,16.9833,70.65,31,1,6.4,clear sky
589,Sovetskiy,RU,61.3614,63.5842,33.93,91,4,7.7,clear sky
590,Opuwo,NA,-18.0607,13.84,71.51,33,2,7.92,clear sky
591,Strezhevoy,RU,60.7333,77.5889,39.2,75,90,8.95,light rain
592,Karratha,AU,-20.7377,116.8463,82.63,77,94,6.58,overcast clouds
593,Tiarei,PF,-17.5333,-149.3333,86.0,66,75,9.22,broken clouds
594,Swan Hill,AU,-35.3378,143.5544,45.37,86,1,6.46,clear sky
595,Port Macquarie,AU,-31.4333,152.9167,45.0,85,0,1.01,clear sky
596,Osoyoos,CA,49.0331,-119.4524,51.8,20,33,11.5,scattered clouds
597,Paris,FR,48.8534,2.3488,41.0,75,0,5.75,clear sky
598,Mayumba,GA,-3.432,10.6554,81.0,84,74,2.62,broken clouds
599,Sabang,ID,5.8933,95.3214,82.33,72,2,3.24,clear sky
600,Kuytun,RU,54.3419,101.5036,19.17,94,99,3.33,overcast clouds
601,Lakota,CI,5.8528,-5.6883,75.02,93,59,1.14,moderate rain
602,Labuhan,ID,-6.8844,112.2051,77.74,86,39,4.5,scattered clouds
603,Copiapo,CL,-27.3667,-70.3333,64.4,63,20,8.05,few clouds
604,Macheng,CN,31.1783,115.0319,56.16,96,96,0.54,overcast clouds
605,Qasigiannguit,GL,68.8193,-51.1922,33.8,51,20,17.27,few clouds
606,Ponta Delgada,PT,37.7333,-25.6667,62.6,94,75,5.75,broken clouds
607,Villa Carlos Paz,AR,-31.4241,-64.4978,71.6,33,0,8.05,clear sky
608,Pacific Grove,US,36.6177,-121.9166,57.2,62,40,10.36,scattered clouds
609,Portland,US,45.5234,-122.6762,55.0,37,20,6.91,few clouds
610,Kaeo,NZ,-35.1,173.7833,64.0,98,85,3.0,overcast clouds
611,Haileybury,CA,47.449,-79.6373,75.2,35,1,13.8,clear sky
612,Grand Gaube,MU,-20.0064,57.6608,79.0,80,99,4.0,light rain
613,San Quintin,MX,30.4833,-115.95,62.26,70,64,10.8,broken clouds
614,Luderitz,NA,-26.6481,15.1594,73.83,47,0,4.99,clear sky
615,Tome,CL,-36.6167,-72.95,69.8,60,0,19.57,clear sky
616,Altamont,US,42.2068,-121.7372,54.0,37,1,5.75,clear sky
617,Phon Thong,TH,16.3016,103.9768,78.1,69,98,7.61,overcast clouds
618,Stornoway,GB,58.2093,-6.3865,37.4,65,20,3.44,few clouds
619,Calama,CL,-22.4667,-68.9333,71.6,15,0,20.71,clear sky
620,Asau,RO,46.4333,26.4,41.0,46,0,3.49,light rain
621,Houma,US,29.5958,-90.7195,81.0,38,1,9.19,clear sky
622,Porbandar,IN,21.6422,69.6093,78.84,70,0,10.25,clear sky
623,La Solana,ES,38.9442,-3.2381,57.0,80,67,5.97,broken clouds
624,Arawa,PG,-6.2132,155.5367,79.3,78,93,1.48,overcast clouds
625,Wuwei,CN,37.9281,102.6414,43.63,68,0,2.62,clear sky
626,Lamar,US,33.6668,-95.5836,80.6,29,1,11.5,clear sky
627,Marawi,PH,7.9986,124.2928,73.99,90,26,4.0,scattered clouds
628,Poya,NC,-21.35,165.15,75.38,90,100,5.73,overcast clouds
629,Boffa,GN,10.1667,-14.0333,77.32,83,56,6.44,broken clouds
630,Kautokeino,NO,69.0125,23.0412,19.15,80,39,10.98,scattered clouds
631,Seaforth,JM,17.9358,-76.4573,84.2,74,20,19.57,few clouds
632,Vangaindrano,MG,-23.35,47.6,73.18,86,33,2.13,scattered clouds
633,Ilinskiy,RU,55.619,38.1182,48.99,61,0,2.24,clear sky
634,Nyakahanga,TZ,-1.6033,31.1414,57.33,95,58,2.46,broken clouds
635,Manica,FR,49.0,-1.1667,35.6,87,0,8.05,clear sky
636,San Juan De Opoa,HN,14.7833,-88.7,91.4,35,40,2.48,scattered clouds
637,Ibra,OM,22.6906,58.5334,75.13,61,0,3.27,clear sky
638,Dakar,SN,14.6937,-17.4441,69.8,83,0,11.5,clear sky
639,Huntsville,US,34.7304,-86.5861,73.0,37,1,17.27,clear sky
640,Shelburne,CA,44.0787,-80.2041,64.99,65,91,9.6,overcast clouds
641,Margate,GB,51.3813,1.3862,39.99,70,96,3.0,overcast clouds
642,Hobyo,SO,5.3505,48.5268,82.38,61,47,11.07,scattered clouds
643,Kuandian,CN,40.7286,124.7847,46.08,62,100,3.13,overcast clouds
644,Mkushi,ZM,-13.6202,29.3939,60.39,96,44,5.19,scattered clouds
645,Ferkessedougou,CI,9.6,-5.2,86.85,36,70,5.17,broken clouds
646,Celarevo,RS,45.2694,19.5253,54.0,76,0,4.61,clear sky
647,Simbahan,PH,6.3032,120.5836,83.03,74,81,8.5,broken clouds
648,Nayoro,JP,44.3506,142.4578,36.0,79,44,5.73,scattered clouds
649,Alcamo,IT,37.9983,12.9565,59.0,77,0,8.05,clear sky
650,Agadez,NE,19.75,10.25,86.74,6,0,9.73,clear sky
651,Mackay,AU,-21.15,149.2,69.8,73,40,5.75,scattered clouds
652,Walvis Bay,NA,-22.9575,14.5053,78.01,56,6,1.01,clear sky
653,Umm Kaddadah,SD,13.6017,26.6876,75.79,12,68,14.45,broken clouds
654,Narrabri,AU,-30.3167,149.7833,41.0,70,0,6.91,clear sky
655,Poum,NC,-20.2333,164.0167,77.11,86,100,11.39,overcast clouds
656,Hoquiam,US,46.9809,-123.8893,53.01,53,40,8.05,scattered clouds
657,Les Cayes,HT,18.2,-73.75,78.19,77,96,10.98,overcast clouds
658,Lagos,NG,6.5833,3.75,84.2,74,20,3.44,few clouds
659,Republic,US,37.12,-93.4802,73.99,35,1,20.71,clear sky
660,Port-Cartier,CA,50.0334,-66.8654,53.6,62,90,2.3,overcast clouds
661,Blackwater,AU,-23.5833,148.8833,60.55,35,1,13.98,clear sky
662,La Rioja,ES,42.25,-2.5,46.99,71,75,6.91,broken clouds
663,Hirado,JP,33.3597,129.5531,57.0,47,100,6.24,overcast clouds
664,Fallon,US,39.4735,-118.7774,57.2,19,20,10.36,few clouds
665,Itaituba,BR,-4.2761,-55.9836,84.2,74,75,6.91,broken clouds
666,Brigham City,US,41.5102,-112.0155,48.2,21,1,6.2,clear sky
667,Kropotkin,RU,45.4375,40.5756,48.0,81,100,2.93,overcast clouds
668,Ningxiang,CN,37.34,111.2052,47.71,76,100,1.86,overcast clouds
669,Verkhniy Baskunchak,RU,48.2256,46.7217,58.6,44,91,13.51,overcast clouds
670,Narowal,PK,32.1,74.8833,73.4,46,40,4.61,haze
671,Ulladulla,AU,-35.35,150.4667,50.0,50,5,12.66,clear sky
672,Manggar,ID,-2.8833,108.2667,79.79,81,94,3.87,overcast clouds
673,Sisophon,KH,13.5859,102.9737,78.8,82,83,5.61,broken clouds
674,Roald,NO,62.5833,6.1333,39.2,81,0,16.11,clear sky
675,West Wendover,US,40.7391,-114.0733,50.0,25,1,8.05,clear sky
